"customer","avg_order_value"
"Bob","307.0563333333333"
"Charlie","289.68500000000006"
"Eve","279.2295"
"Alice","266.05249999999995"
"Diana","226.00368421052636"
