"status","cnt","total"
"confirmed","63","16769.939999999995"
"shipped","46","13435.159999999998"
